<?xml version="1.0" encoding="UTF-8"?>
<project-private xmlns="http://www.netbeans.org/ns/project-private/1">
    <editor-bookmarks xmlns="http://www.netbeans.org/ns/editor-bookmarks/2" lastBookmarkId="0"/>
    <open-files xmlns="http://www.netbeans.org/ns/projectui-open-files/2">
        <group>
            <file>file:/E:/NeatBean%20Project/DuBaoThoiTiet/src/data/Weather.java</file>
            <file>file:/E:/NeatBean%20Project/DuBaoThoiTiet/src/data/Sys.java</file>
            <file>file:/E:/NeatBean%20Project/DuBaoThoiTiet/src/data/DailyWeather.java</file>
            <file>file:/E:/NeatBean%20Project/DuBaoThoiTiet/src/Gui/PrepareGui.java</file>
            <file>file:/E:/NeatBean%20Project/DuBaoThoiTiet/src/entry/Start.java</file>
            <file>file:/E:/NeatBean%20Project/DuBaoThoiTiet/src/control/HandleAPI.java</file>
            <file>file:/E:/NeatBean%20Project/DuBaoThoiTiet/src/Gui/WeatherApp.java</file>
            <file>file:/E:/NeatBean%20Project/DuBaoThoiTiet/src/data/Main.java</file>
        </group>
    </open-files>
</project-private>
